keyword,division_id
ATI,
ATIP,ocd-division/country:ca
ATIPP,
ATIPPA,ocd-division/country:ca/province:nl
CAI,ocd-division/country:ca/province:qc
FIPPA,
FOI,
FOIP,ocd-division/country:ca/province:ab
FOIPOP,ocd-division/country:ca/province:ns
FOIPP,
FOIPPA,ocd-division/country:ca/province:bc
IPC,
MFIPPA,ocd-division/country:ca/province:on
OIPC,
RTI,ocd-division/country:ca/province:nb
RTIPP,ocd-division/country:ca/province:nb
RTIPPA,ocd-division/country:ca/province:nb
access to information,
acc√®s aux documents,ocd-division/country:ca/province:qc
freedom of information,
right to information,ocd-division/country:ca/province:nb
